tanggal,totcharea,gcharea,scale,eta
07-07-2021 00:06:17,4.7,0.222,QUIET,89
07-07-2021 00:18:05,4.7,0.22,QUIET,89
07-07-2021 00:28:29,4.8,0.216,QUIET,89
07-07-2021 00:37:29,4.8,0.216,QUIET,89
07-07-2021 00:47:29,4.9,0.218,QUIET,89
07-07-2021 00:57:41,4.9,0.236,QUIET,89
07-07-2021 01:07:53,4.8,0.223,QUIET,89
07-07-2021 01:17:53,4.8,0.23,QUIET,89
07-07-2021 01:27:41,4.8,0.228,QUIET,89
07-07-2021 01:38:05,4.8,0.228,QUIET,89
07-07-2021 01:48:05,4.9,0.224,QUIET,89
07-07-2021 01:57:05,4.8,0.226,QUIET,89
07-07-2021 02:08:17,4.8,0.227,QUIET,89
07-07-2021 02:17:17,4.9,0.228,QUIET,89
07-07-2021 02:27:41,4.9,0.283,QUIET,89
07-07-2021 02:37:41,4.9,0.262,QUIET,89
07-07-2021 02:48:41,4.9,0.253,QUIET,89
07-07-2021 02:57:41,4.8,0.216,QUIET,89
07-07-2021 03:08:05,4.9,0.222,QUIET,89
07-07-2021 03:18:17,4.9,0.273,QUIET,89
07-07-2021 03:26:53,4.9,0.28,QUIET,89
07-07-2021 03:37:41,4.9,0.275,QUIET,89
07-07-2021 03:48:05,4.9,0.269,QUIET,89
07-07-2021 03:58:17,4.9,0.227,QUIET,89
07-07-2021 04:07:41,4.9,0.227,QUIET,89
07-07-2021 04:16:29,4.9,0.218,QUIET,89
07-07-2021 04:27:41,4.9,0.212,QUIET,89
07-07-2021 04:37:29,4.9,0.219,QUIET,89
07-07-2021 04:47:41,4.9,0.226,QUIET,89
07-07-2021 04:57:29,4.9,0.224,QUIET,89
07-07-2021 05:07:29,5,0.226,QUIET,89
07-07-2021 05:17:29,5,0.245,QUIET,89
07-07-2021 05:27:29,5.1,0.374,QUIET,89
07-07-2021 05:37:53,4.9,0.23,QUIET,89
07-07-2021 05:47:53,5,0.235,QUIET,89
07-07-2021 05:57:29,5.1,0.368,QUIET,89
07-07-2021 06:08:29,5.2,0.37,QUIET,89
07-07-2021 06:17:53,5.2,0.422,QUIET,89
07-07-2021 06:28:17,5.2,0.414,QUIET,89
07-07-2021 06:37:29,5.2,0.422,QUIET,89
07-07-2021 06:48:05,5.2,0.402,QUIET,89
07-07-2021 06:57:17,5.1,0.401,QUIET,89
07-07-2021 07:07:29,5.2,0.398,QUIET,89
07-07-2021 07:17:53,5.2,0.384,QUIET,89
07-07-2021 07:27:41,5.3,0.379,QUIET,89
07-07-2021 07:38:05,5.3,0.397,QUIET,89
07-07-2021 07:47:53,5.3,0.427,QUIET,89
07-07-2021 07:52:17,5.3,0.429,QUIET,89
07-07-2021 08:06:41,5.1,2,QUIET,89
07-07-2021 08:17:17,5.3,0.362,QUIET,89
07-07-2021 08:28:29,5.2,0.328,QUIET,89
07-07-2021 08:37:53,5.3,0.353,QUIET,89
07-07-2021 08:47:53,5.3,0.382,QUIET,89
07-07-2021 08:58:41,5.2,0.308,QUIET,89
07-07-2021 09:07:53,5.2,0.348,QUIET,89
07-07-2021 09:18:17,5.2,0.287,QUIET,89
07-07-2021 09:27:41,5.2,0.366,QUIET,89
07-07-2021 09:37:05,5.3,0.387,QUIET,89
07-07-2021 09:47:29,5.3,0.386,QUIET,89
07-07-2021 09:58:05,5.3,0.312,QUIET,89
07-07-2021 10:08:17,5.4,0.375,QUIET,89
07-07-2021 10:16:41,5.3,0.317,QUIET,89
07-07-2021 10:28:05,5.4,0.356,QUIET,89
07-07-2021 10:37:53,4.8,0.341,QUIET,89
07-07-2021 10:47:41,4.8,0.337,QUIET,89
07-07-2021 10:57:41,4.8,0.346,QUIET,89
07-07-2021 11:07:53,5,0.361,QUIET,89
07-07-2021 11:17:41,4.9,0.354,QUIET,89
07-07-2021 11:26:53,4.9,0.337,QUIET,89
07-07-2021 11:37:29,4.8,0.332,QUIET,89
07-07-2021 11:47:17,4.9,0.334,QUIET,89
07-07-2021 11:58:17,5.1,0.349,QUIET,89
07-07-2021 12:08:17,4.9,0.354,QUIET,89
07-07-2021 12:17:17,5,0.357,QUIET,89
07-07-2021 12:28:17,4.9,0.37,QUIET,89
07-07-2021 12:37:29,4.9,0.371,QUIET,89
07-07-2021 12:46:53,4.9,0.37,QUIET,89
07-07-2021 12:57:29,4.9,0.357,QUIET,89
07-07-2021 13:08:05,4.9,0.362,QUIET,89
07-07-2021 13:17:29,4.9,0.35,QUIET,89
07-07-2021 13:28:05,4.9,0.361,QUIET,89
07-07-2021 13:37:53,4.9,0.349,QUIET,89
07-07-2021 13:48:05,5,0.333,QUIET,89
07-07-2021 13:56:05,4.9,0.334,QUIET,89
07-07-2021 14:06:24,4.6,0.182,QUIET,89
07-07-2021 14:16:24,4.8,0.195,QUIET,89
07-07-2021 14:25:24,4.6,0.174,QUIET,89
07-07-2021 14:35:44,4.8,0.194,QUIET,89
07-07-2021 14:46:24,4.8,0.193,QUIET,89
07-07-2021 14:56:04,4.8,0.195,QUIET,89
07-07-2021 15:05:04,4.9,0.204,QUIET,89
07-07-2021 15:15:44,4.8,0.2,QUIET,89
07-07-2021 15:25:44,4.9,0.188,QUIET,89
07-07-2021 15:35:24,5,0.194,QUIET,89
07-07-2021 15:46:04,5,0.18,QUIET,89
07-07-2021 15:56:04,4.9,0.175,QUIET,89
07-07-2021 16:05:44,4.8,0.172,QUIET,89
07-07-2021 16:16:44,4.9,0.166,QUIET,89
07-07-2021 16:27:04,4.8,0.176,QUIET,89
07-07-2021 16:36:44,4.7,0.168,QUIET,89
07-07-2021 16:45:44,4.8,0.174,QUIET,89
07-07-2021 16:55:24,4.5,0.178,QUIET,89
07-07-2021 17:05:24,4.8,0.184,QUIET,89
07-07-2021 17:16:24,4.9,0.192,QUIET,89
07-07-2021 17:26:24,4.9,0.192,QUIET,89
07-07-2021 17:36:04,4.8,0.192,QUIET,89
07-07-2021 17:45:04,4.7,0.191,QUIET,89
07-07-2021 17:55:44,4.9,0.217,QUIET,89
07-07-2021 18:06:44,4.9,0.247,QUIET,89
07-07-2021 18:15:44,4.8,0.22,QUIET,89
07-07-2021 18:25:44,4.9,0.265,QUIET,89
07-07-2021 18:35:44,4.7,0.207,QUIET,89
07-07-2021 18:45:44,4.9,0.232,QUIET,89
07-07-2021 18:56:04,4.8,0.235,QUIET,89
07-07-2021 19:05:24,4.9,0.276,QUIET,89
07-07-2021 19:16:04,4.9,0.206,QUIET,89
07-07-2021 19:25:44,4.9,0.217,QUIET,89
07-07-2021 19:36:04,5,0.212,QUIET,89
07-07-2021 19:46:24,4.9,0.208,QUIET,89
07-07-2021 19:56:24,4.9,0.208,QUIET,89
07-07-2021 20:05:04,5,0.232,QUIET,89
07-07-2021 20:16:44,4.7,0.323,QUIET,89
07-07-2021 20:25:44,5,0.223,QUIET,89
07-07-2021 20:36:44,5,0.22,QUIET,89
07-07-2021 20:47:41,5.2,0.22,QUIET,89
07-07-2021 20:58:17,5.2,0.224,QUIET,89
07-07-2021 21:07:41,5.2,0.219,QUIET,89
07-07-2021 21:17:17,5.2,0.231,QUIET,89
07-07-2021 21:27:29,5.2,0.227,QUIET,89
07-07-2021 21:38:05,5.2,0.241,QUIET,89
07-07-2021 21:48:17,5.3,0.244,QUIET,89
07-07-2021 21:57:05,5.3,0.249,QUIET,89
07-07-2021 22:07:17,5.2,0.26,QUIET,89
07-07-2021 22:18:05,5.3,0.294,QUIET,89
07-07-2021 22:28:05,5.3,0.297,QUIET,89
07-07-2021 22:38:17,5.2,0.28,QUIET,89
07-07-2021 22:47:29,5.1,0.291,QUIET,89
07-07-2021 22:57:17,5.2,0.301,QUIET,89
07-07-2021 23:08:05,5.1,0.321,QUIET,89
07-07-2021 23:17:29,5.2,0.325,QUIET,89
07-07-2021 23:27:17,5.4,0.482,QUIET,89
07-07-2021 23:37:41,5.5,0.506,QUIET,89
07-07-2021 23:47:53,5.3,0.499,QUIET,89
07-07-2021 23:58:05,5.3,0.511,QUIET,89
08-07-2021 00:07:41,5.5,0.552,QUIET,89
08-07-2021 00:17:29,5.5,0.398,QUIET,89
08-07-2021 00:27:17,5.5,0.6,QUIET,89
08-07-2021 00:37:17,5.4,0.543,QUIET,89
08-07-2021 00:47:41,5.6,0.654,QUIET,89
08-07-2021 00:57:41,5.7,0.654,QUIET,89
08-07-2021 01:07:41,5.6,0.623,QUIET,89
08-07-2021 01:17:05,5.6,0.613,QUIET,89
08-07-2021 01:27:29,5.6,0.596,QUIET,89
08-07-2021 01:37:05,5.6,0.62,QUIET,89
08-07-2021 01:46:29,5.6,0.61,QUIET,89
08-07-2021 01:58:29,5.6,0.62,QUIET,89
08-07-2021 02:07:53,5.6,0.548,QUIET,89
08-07-2021 02:17:41,5.5,0.61,QUIET,89
08-07-2021 02:27:17,5.6,0.617,QUIET,89
08-07-2021 02:37:53,5.4,0.491,QUIET,89
08-07-2021 02:48:17,5.4,0.512,QUIET,89
08-07-2021 02:58:17,5.5,0.515,QUIET,89
08-07-2021 03:07:53,5.5,0.495,QUIET,89
08-07-2021 03:17:17,5.5,0.51,QUIET,89
08-07-2021 03:28:05,5.5,0.49,QUIET,89
08-07-2021 03:37:41,5.4,0.433,QUIET,89
08-07-2021 03:48:05,5.4,0.422,QUIET,89
08-07-2021 03:56:41,5.4,0.424,QUIET,89
08-07-2021 04:07:29,5.3,0.432,QUIET,89
08-07-2021 04:17:53,5.1,0.429,QUIET,89
08-07-2021 04:27:53,5.1,0.445,QUIET,89
08-07-2021 04:37:53,5.2,0.444,QUIET,89
08-07-2021 04:47:53,5.1,0.416,QUIET,89
08-07-2021 04:57:41,5.1,0.422,QUIET,89
08-07-2021 05:07:05,5.2,0.402,QUIET,89
08-07-2021 05:16:41,5.2,0.43,QUIET,89
08-07-2021 05:27:17,5.2,0.457,QUIET,89
08-07-2021 05:37:41,5.2,0.439,QUIET,89
08-07-2021 05:47:05,5.1,0.436,QUIET,89
08-07-2021 05:57:17,5.1,0.397,QUIET,89
08-07-2021 06:07:17,4.9,0.347,QUIET,89
08-07-2021 06:17:29,4.8,0.221,QUIET,89
08-07-2021 06:27:41,5.1,0.411,QUIET,89
08-07-2021 06:37:53,5,0.309,QUIET,89
08-07-2021 06:48:41,4.9,0.31,QUIET,89
08-07-2021 06:58:17,5,0.333,QUIET,89
08-07-2021 07:07:41,5,0.451,QUIET,89
08-07-2021 07:17:29,5,0.319,QUIET,89
08-07-2021 07:27:41,5,0.321,QUIET,89
08-07-2021 07:38:17,4.9,0.273,QUIET,89
08-07-2021 07:47:05,4.9,0.265,QUIET,89
08-07-2021 07:57:17,4.8,0.239,QUIET,89
08-07-2021 08:07:17,4.9,0.246,QUIET,89
08-07-2021 08:17:41,4.9,0.266,QUIET,89
08-07-2021 08:28:05,4.9,0.273,QUIET,89
08-07-2021 08:38:05,4.9,0.265,QUIET,89
08-07-2021 08:48:17,4.8,0.251,QUIET,89
08-07-2021 08:57:41,4.9,0.272,QUIET,89
08-07-2021 09:07:05,4.7,0.252,QUIET,89
08-07-2021 09:17:17,4.8,0.29,QUIET,89
08-07-2021 09:27:29,4.8,0.302,QUIET,89
08-07-2021 09:36:53,4.8,0.333,QUIET,89
08-07-2021 09:47:17,4.8,0.305,QUIET,89
08-07-2021 09:56:41,4.8,0.318,QUIET,89
08-07-2021 10:07:29,4.8,0.313,QUIET,89
08-07-2021 10:18:05,4.8,0.329,QUIET,89
08-07-2021 10:28:05,4.8,0.337,QUIET,89
08-07-2021 10:37:29,4.8,0.324,QUIET,89
08-07-2021 10:48:05,4.7,0.283,QUIET,89
08-07-2021 10:57:41,4.8,0.363,QUIET,89
08-07-2021 11:07:53,4.9,0.444,QUIET,89
08-07-2021 11:17:17,4.7,0.243,QUIET,89
08-07-2021 11:27:53,4.8,0.366,QUIET,89
08-07-2021 11:37:41,4.7,0.369,QUIET,89
08-07-2021 11:47:05,4.8,0.382,QUIET,89
08-07-2021 11:57:41,4.8,0.417,QUIET,89
08-07-2021 12:07:53,4.8,0.42,QUIET,89
08-07-2021 12:17:41,4.8,0.428,QUIET,89
08-07-2021 12:27:41,4.9,0.435,QUIET,89
08-07-2021 12:38:29,4.9,0.465,QUIET,89
08-07-2021 12:47:53,4.8,0.459,QUIET,89
08-07-2021 12:57:53,5,0.469,QUIET,89
08-07-2021 13:07:29,4.8,0.451,QUIET,89
08-07-2021 13:17:41,4.8,0.442,QUIET,89
08-07-2021 13:27:41,4.8,0.447,QUIET,89
08-07-2021 13:37:29,4.9,0.446,QUIET,89
08-07-2021 13:47:17,4.9,0.475,QUIET,89
08-07-2021 13:57:17,4.9,0.451,QUIET,89
08-07-2021 14:07:53,5.1,0.485,QUIET,89
08-07-2021 14:17:41,5.1,0.437,QUIET,89
08-07-2021 14:27:41,5.1,0.468,QUIET,89
08-07-2021 14:37:53,5.2,0.459,QUIET,89
08-07-2021 14:47:17,5.2,0.468,QUIET,89
08-07-2021 14:57:05,5.1,0.47,QUIET,89
08-07-2021 15:07:29,5,0.47,QUIET,89
08-07-2021 15:17:41,5,0.495,QUIET,89
08-07-2021 15:27:17,5.1,0.473,QUIET,89
08-07-2021 15:38:17,5,0.398,QUIET,89
08-07-2021 15:47:41,5.2,0.455,QUIET,89
08-07-2021 15:57:17,5,0.403,QUIET,89
08-07-2021 16:06:41,5.2,0.397,QUIET,89
08-07-2021 16:18:29,5.3,0.454,QUIET,89
08-07-2021 16:27:53,5.2,0.403,QUIET,89
08-07-2021 16:37:41,5.2,0.471,QUIET,89
08-07-2021 16:47:17,5.1,0.457,QUIET,89
08-07-2021 16:57:41,5.1,0.483,QUIET,89
08-07-2021 17:07:53,5.3,0.514,QUIET,89
08-07-2021 17:17:53,5.3,0.537,QUIET,89
08-07-2021 17:27:17,5.4,0.552,QUIET,89
08-07-2021 17:38:29,5.4,0.536,QUIET,89
08-07-2021 17:47:53,5.6,0.557,QUIET,89
08-07-2021 17:56:53,5.4,0.546,QUIET,89
08-07-2021 18:07:53,5.6,0.544,QUIET,89
08-07-2021 18:18:05,5.6,0.508,QUIET,89
08-07-2021 18:27:41,5.6,0.481,QUIET,89
08-07-2021 18:38:17,5.6,0.499,QUIET,89
08-07-2021 18:47:41,5.5,0.504,QUIET,89
08-07-2021 18:57:53,5.7,0.537,QUIET,89
08-07-2021 19:07:41,5.5,0.377,QUIET,89
08-07-2021 19:17:05,5.5,0.388,QUIET,89
08-07-2021 19:27:41,5.5,0.392,QUIET,89
08-07-2021 19:37:41,5.5,0.394,QUIET,89
08-07-2021 19:47:29,5.6,0.519,QUIET,89
08-07-2021 19:57:17,5.5,0.398,QUIET,89
08-07-2021 20:08:17,5.6,0.394,QUIET,89
08-07-2021 20:18:41,5.5,0.404,QUIET,89
08-07-2021 20:28:17,5.5,0.407,QUIET,89
08-07-2021 20:37:41,5.5,0.41,QUIET,89
08-07-2021 20:47:05,5.5,0.422,QUIET,89
08-07-2021 20:57:41,5.5,0.429,QUIET,89
08-07-2021 21:07:29,5.5,0.438,QUIET,89
08-07-2021 21:18:05,5.5,0.453,QUIET,89
08-07-2021 21:27:41,5.5,0.449,QUIET,89
08-07-2021 21:38:05,5.5,0.45,QUIET,89
08-07-2021 21:48:29,5.5,0.454,QUIET,89
08-07-2021 21:57:29,5.9,0.779,QUIET,89
08-07-2021 22:07:29,5.8,0.665,QUIET,89
08-07-2021 22:18:05,5.6,0.48,QUIET,89
08-07-2021 22:27:53,5.8,0.645,QUIET,89
08-07-2021 22:37:41,6,0.899,QUIET,89
08-07-2021 22:47:29,6.1,0.921,QUIET,89
08-07-2021 22:56:41,6.1,0.969,QUIET,89
08-07-2021 23:07:29,6,0.867,QUIET,89
08-07-2021 23:17:53,6.2,1.07,QUIET,89
08-07-2021 23:27:53,6.2,1.13,QUIET,89
08-07-2021 23:37:17,6.2,1.13,QUIET,89
08-07-2021 23:47:41,6.2,1.19,QUIET,89
08-07-2021 23:57:41,6.2,1.08,QUIET,89
09-07-2021 00:08:05,6.2,1.06,QUIET,89
09-07-2021 00:18:41,6.2,1.14,QUIET,89
09-07-2021 00:28:41,6.2,1.04,QUIET,89
09-07-2021 00:37:41,6.3,1.2,QUIET,89
09-07-2021 00:47:29,6.3,1.15,QUIET,89
09-07-2021 00:57:17,6.4,1.21,QUIET,89
09-07-2021 01:07:05,6.1,1.05,QUIET,89
09-07-2021 01:17:05,6.1,0.942,QUIET,89
09-07-2021 01:27:05,6.2,1.06,QUIET,89
09-07-2021 01:37:53,6.2,1.04,QUIET,89
09-07-2021 01:47:53,6.2,1.04,QUIET,89
09-07-2021 01:57:41,6.5,1.23,QUIET,89
09-07-2021 02:07:41,6.3,1.12,QUIET,89
09-07-2021 02:17:17,6.3,1.12,QUIET,89
09-07-2021 02:28:53,6.4,1.12,QUIET,89
09-07-2021 02:37:29,6.4,1.17,QUIET,89
09-07-2021 02:48:05,6.5,1.33,QUIET,89
09-07-2021 02:57:53,6.4,1.21,QUIET,89
09-07-2021 03:07:29,6.4,1.18,QUIET,89
09-07-2021 03:17:05,6.7,1.3,QUIET,89
09-07-2021 03:27:41,6.1,1.07,QUIET,89
09-07-2021 03:37:17,6.2,1.07,QUIET,89
09-07-2021 03:47:53,6.2,1.04,QUIET,89
09-07-2021 03:57:05,6.4,1.09,QUIET,89
09-07-2021 04:07:41,6.6,1.25,QUIET,89
09-07-2021 04:17:53,6.5,1.25,QUIET,89
09-07-2021 04:27:17,6.4,1.28,QUIET,89
09-07-2021 04:36:53,6.4,1.3,QUIET,89
09-07-2021 04:48:05,6.5,1.32,QUIET,89
09-07-2021 04:58:05,6.5,1.29,QUIET,89
09-07-2021 05:07:53,6.5,1.3,QUIET,89
09-07-2021 05:17:17,6.6,1.31,QUIET,89
09-07-2021 05:27:05,6.6,1.29,QUIET,89
09-07-2021 05:37:05,6.6,1.35,QUIET,89
09-07-2021 05:48:29,6.6,1.36,QUIET,89
09-07-2021 05:57:53,6.6,1.33,QUIET,89
09-07-2021 06:08:05,6.5,1.35,QUIET,89
09-07-2021 06:18:05,6.5,1.36,QUIET,89
09-07-2021 06:28:29,6.6,1.41,QUIET,89
09-07-2021 06:37:05,6.7,1.35,QUIET,89
09-07-2021 06:48:05,6.6,1.3,QUIET,89
09-07-2021 06:57:41,6.6,1.38,QUIET,89
09-07-2021 07:07:29,6.6,1.41,QUIET,89
09-07-2021 07:17:29,6.7,1.42,QUIET,89
09-07-2021 07:27:05,6.7,1.45,QUIET,89
09-07-2021 07:38:29,6.7,1.47,QUIET,89
09-07-2021 07:47:53,6.6,1.49,QUIET,89
09-07-2021 07:57:53,6.6,1.53,QUIET,89
09-07-2021 08:07:42,6.7,1.61,QUIET,89
09-07-2021 08:17:53,6.7,1.56,QUIET,89
09-07-2021 08:27:17,6.7,1.66,QUIET,89
09-07-2021 08:38:05,6.8,1.75,QUIET,89
09-07-2021 08:48:05,6.7,1.53,QUIET,89
09-07-2021 08:57:53,6.8,1.69,QUIET,89
09-07-2021 09:07:41,6.9,1.7,QUIET,89
09-07-2021 09:18:29,6.8,1.57,QUIET,89
09-07-2021 09:28:05,6.8,1.6,QUIET,89
09-07-2021 09:37:29,6.9,1.65,QUIET,89
09-07-2021 09:47:17,6.9,1.66,QUIET,89
09-07-2021 09:56:53,6.9,1.66,QUIET,89
09-07-2021 10:07:29,6.9,1.65,QUIET,89
09-07-2021 10:18:17,7,1.68,QUIET,89
09-07-2021 10:27:53,7,1.75,QUIET,89
09-07-2021 10:37:05,7.1,1.85,QUIET,89
09-07-2021 10:48:05,6.9,1.66,QUIET,89
09-07-2021 10:58:05,6.9,1.79,QUIET,89
09-07-2021 11:08:05,7,1.78,QUIET,89
09-07-2021 11:17:29,6.9,1.78,QUIET,89
09-07-2021 11:28:05,6.9,1.82,QUIET,89
09-07-2021 11:37:53,6.9,1.79,QUIET,89
09-07-2021 11:48:05,7.1,1.83,QUIET,89
09-07-2021 11:57:29,7.1,1.83,QUIET,89
09-07-2021 12:06:29,7.1,1.88,QUIET,89
09-07-2021 12:17:53,7.1,1.86,QUIET,89
09-07-2021 12:27:41,7.1,1.87,QUIET,89
09-07-2021 12:37:05,7.1,1.92,QUIET,89
09-07-2021 12:47:29,7.2,1.95,QUIET,89
09-07-2021 12:58:05,7.3,1.99,QUIET,89
09-07-2021 13:08:17,7.3,2.05,QUIET,89
09-07-2021 13:17:41,7.3,2.04,QUIET,89
09-07-2021 13:27:41,7.2,2.02,QUIET,89
09-07-2021 13:36:53,7.2,2.03,QUIET,89
09-07-2021 13:47:17,7.2,2.05,QUIET,89
09-07-2021 13:58:17,7.2,2,QUIET,89
09-07-2021 14:08:05,7.1,1.93,QUIET,89
09-07-2021 14:17:53,7.1,1.93,QUIET,89
09-07-2021 14:27:53,7.3,2.12,QUIET,89
09-07-2021 14:37:41,7.3,2.14,QUIET,89
09-07-2021 14:47:29,7.4,2.19,QUIET,89
09-07-2021 14:58:17,7.3,2.17,QUIET,89
09-07-2021 15:07:41,7.3,2.19,QUIET,89
09-07-2021 15:17:53,7.3,2.16,QUIET,89
09-07-2021 15:27:17,7.3,2.22,QUIET,89
09-07-2021 15:37:17,7.4,2.32,QUIET,89
09-07-2021 15:48:05,7.4,2.33,QUIET,89
09-07-2021 15:58:05,7.5,2.45,QUIET,89
09-07-2021 16:07:53,7.4,2.34,QUIET,89
09-07-2021 16:17:41,7.4,2.34,QUIET,89
09-07-2021 16:28:05,7.5,2.43,QUIET,89
09-07-2021 16:37:29,7.5,2.48,QUIET,89
09-07-2021 16:46:53,7.5,2.47,QUIET,89
09-07-2021 16:57:29,7.4,2.39,QUIET,89
09-07-2021 17:08:05,7.5,2.47,QUIET,89
09-07-2021 17:17:53,7.6,2.66,QUIET,89
09-07-2021 17:28:41,7.7,2.65,QUIET,89
09-07-2021 17:37:29,7.8,2.76,QUIET,89
09-07-2021 17:47:41,7.8,2.76,QUIET,89
09-07-2021 17:58:05,7.6,2.83,QUIET,89
09-07-2021 18:07:53,7.7,2.83,QUIET,89
09-07-2021 18:17:17,7.6,2.86,QUIET,89
09-07-2021 18:27:29,7.6,2.77,QUIET,89
09-07-2021 18:37:29,7.7,2.93,QUIET,89
09-07-2021 18:47:17,7.7,2.97,QUIET,89
09-07-2021 18:57:41,7.5,2.86,QUIET,89
09-07-2021 19:08:29,7.7,2.99,QUIET,89
09-07-2021 19:18:05,7.6,2.97,QUIET,89
09-07-2021 19:28:29,7.6,2.95,QUIET,89
09-07-2021 19:36:53,7.6,2.94,QUIET,89
09-07-2021 19:47:41,7.5,2.88,QUIET,89
09-07-2021 19:58:29,7.4,2.79,QUIET,89
09-07-2021 20:07:53,7.5,2.95,QUIET,89
09-07-2021 20:17:41,7.6,3.09,QUIET,89
09-07-2021 20:27:17,7.4,2.95,QUIET,89
09-07-2021 20:38:29,7.4,3,QUIET,89
09-07-2021 20:47:53,7.5,3.19,QUIET,89
09-07-2021 20:56:41,7.6,3.18,QUIET,89
09-07-2021 21:07:17,7.7,3.29,QUIET,89
09-07-2021 21:17:17,7.6,3.28,QUIET,89
09-07-2021 21:27:41,7.5,3.22,QUIET,89
09-07-2021 21:37:41,7.6,3.31,QUIET,89
09-07-2021 21:47:53,7.7,3.35,QUIET,89
09-07-2021 21:58:17,7.7,3.38,QUIET,89
09-07-2021 22:07:29,7.6,3.38,QUIET,89
09-07-2021 22:17:41,7.7,3.48,QUIET,89
09-07-2021 22:27:29,7.8,3.56,QUIET,89
09-07-2021 22:38:17,7.9,3.58,QUIET,89
09-07-2021 22:48:05,7.9,3.66,QUIET,89
09-07-2021 22:58:05,8,3.65,QUIET,89
09-07-2021 23:08:17,7.9,3.63,QUIET,89
09-07-2021 23:17:29,7.9,3.65,QUIET,89
09-07-2021 23:27:53,7.9,3.66,QUIET,89
09-07-2021 23:37:29,8,3.69,QUIET,89
09-07-2021 23:46:53,7.9,3.62,QUIET,89
09-07-2021 23:56:41,8,3.69,QUIET,89
10-07-2021 00:08:29,8,3.7,QUIET,89
10-07-2021 00:17:53,7.9,3.69,QUIET,89
10-07-2021 00:27:29,7.9,3.71,QUIET,89
10-07-2021 00:37:05,7.9,3.66,QUIET,89
10-07-2021 00:47:17,7.9,3.73,QUIET,89
10-07-2021 00:57:41,7.9,3.74,QUIET,89
10-07-2021 01:06:41,7.7,3.59,QUIET,89
10-07-2021 01:18:05,7.8,3.74,QUIET,89
10-07-2021 01:27:53,7.9,3.77,QUIET,89
10-07-2021 01:37:53,8,3.79,QUIET,89
10-07-2021 01:47:29,7.8,3.63,QUIET,89
10-07-2021 01:56:53,8,3.78,QUIET,89
10-07-2021 02:07:41,7.8,3.62,QUIET,89
10-07-2021 02:17:53,7.9,3.75,QUIET,89
10-07-2021 02:27:53,8,3.82,QUIET,89
10-07-2021 02:37:41,8,3.82,QUIET,89
10-07-2021 02:47:17,7.9,3.84,QUIET,89
10-07-2021 02:57:53,7.9,3.86,QUIET,89
10-07-2021 03:07:41,7.9,3.81,QUIET,89
10-07-2021 03:17:41,7.9,3.89,QUIET,89
10-07-2021 03:26:29,7.8,3.79,QUIET,89
10-07-2021 03:37:17,7.8,3.78,QUIET,89
10-07-2021 03:47:29,7.9,3.8,QUIET,89
10-07-2021 03:57:41,8,4,QUIET,89
10-07-2021 04:07:29,8,3.96,QUIET,89
10-07-2021 04:16:41,8.1,3.94,QUIET,89
10-07-2021 04:27:29,7.9,3.92,QUIET,89
10-07-2021 04:38:17,7.9,3.85,QUIET,89
10-07-2021 04:47:53,8,3.93,QUIET,89
10-07-2021 04:58:29,7.9,3.77,QUIET,89
10-07-2021 05:07:53,5.1,3.54,QUIET,89
10-07-2021 05:17:29,7.8,3.58,QUIET,89
10-07-2021 05:28:17,7.9,3.86,QUIET,89
10-07-2021 05:37:53,7.9,3.87,QUIET,89
10-07-2021 05:47:41,7.9,3.82,QUIET,89
10-07-2021 05:58:17,7.8,3.84,QUIET,89
10-07-2021 06:08:05,7.7,3.83,QUIET,89
10-07-2021 06:18:17,7.8,3.89,QUIET,89
10-07-2021 06:28:05,8,3.9,QUIET,89
10-07-2021 06:38:41,8,3.92,QUIET,89
10-07-2021 06:47:05,7.9,3.95,QUIET,89
10-07-2021 06:57:41,7.9,3.89,QUIET,89
10-07-2021 07:08:29,8,3.94,QUIET,89
10-07-2021 07:17:53,8,3.9,QUIET,89
10-07-2021 07:27:17,8,3.9,QUIET,89
10-07-2021 07:37:41,7.9,3.81,QUIET,89
10-07-2021 07:48:17,7.8,3.69,QUIET,89
10-07-2021 07:58:17,8,3.78,QUIET,89
10-07-2021 08:07:41,7.7,3.66,QUIET,89
10-07-2021 08:17:53,7.8,3.7,QUIET,89
10-07-2021 08:28:17,7.9,3.81,QUIET,89
10-07-2021 08:37:41,7.9,3.79,QUIET,89
10-07-2021 08:47:41,7.9,3.73,QUIET,89
10-07-2021 08:58:05,7.7,3.49,QUIET,89
10-07-2021 09:07:41,7.9,3.55,QUIET,89
10-07-2021 09:17:41,7.7,3.48,QUIET,89
10-07-2021 09:28:17,7.8,3.5,QUIET,89
10-07-2021 09:37:05,7.8,3.55,QUIET,89
10-07-2021 09:48:17,8,3.69,QUIET,89
10-07-2021 09:57:41,7.8,3.68,QUIET,89
10-07-2021 10:07:41,8,3.72,QUIET,89
10-07-2021 10:18:05,8,3.75,QUIET,89
10-07-2021 10:27:17,8,3.72,QUIET,89
10-07-2021 10:37:41,8,3.73,QUIET,89
10-07-2021 10:47:41,8.1,3.75,QUIET,89
10-07-2021 10:57:29,8.1,3.77,QUIET,89
10-07-2021 11:08:17,8.2,3.79,QUIET,89
10-07-2021 11:17:29,8.2,3.78,QUIET,89
10-07-2021 11:28:05,8.3,3.86,QUIET,89
10-07-2021 11:37:41,8.4,4.03,ACTIVE,78
10-07-2021 11:48:05,8.2,3.9,QUIET,89
10-07-2021 11:58:05,8.4,3.99,QUIET,89
10-07-2021 12:07:53,8.4,4.01,ACTIVE,78
10-07-2021 12:18:29,8.5,4.01,ACTIVE,78
10-07-2021 12:27:53,8.4,3.99,QUIET,89
10-07-2021 12:37:29,8.4,4.03,ACTIVE,78
10-07-2021 12:47:29,8.5,3.88,QUIET,89
10-07-2021 12:58:05,8.4,3.8,QUIET,89
10-07-2021 13:07:29,8.4,4,ACTIVE,78
10-07-2021 13:18:29,8.4,3.81,QUIET,89
10-07-2021 13:27:29,8.5,3.93,QUIET,89
10-07-2021 13:37:53,8.5,3.86,QUIET,89
10-07-2021 13:48:05,8.6,4.02,ACTIVE,78
10-07-2021 13:57:41,8.6,3.95,QUIET,89
10-07-2021 14:07:53,8.6,4.05,ACTIVE,78
10-07-2021 14:17:17,8.7,4.06,ACTIVE,78
10-07-2021 14:26:53,8.7,4.08,ACTIVE,78
10-07-2021 14:37:29,8.8,4.06,ACTIVE,78
10-07-2021 14:47:41,8.8,4.09,ACTIVE,78
10-07-2021 14:57:05,8.8,4.07,ACTIVE,78
10-07-2021 15:07:17,8.8,4.04,ACTIVE,78
10-07-2021 15:18:05,8.7,3.98,QUIET,89
10-07-2021 15:27:29,8.7,4.05,ACTIVE,78
10-07-2021 15:38:17,8.6,3.95,QUIET,89
10-07-2021 15:46:29,8.7,3.97,QUIET,89
10-07-2021 15:57:41,8.6,4,ACTIVE,78
10-07-2021 16:07:05,8.6,4.07,ACTIVE,78
10-07-2021 16:17:29,8.5,3.86,QUIET,89
10-07-2021 16:26:53,8.7,4.06,ACTIVE,78
10-07-2021 16:37:41,8.7,4.04,ACTIVE,78
10-07-2021 16:47:17,8.8,4.19,ACTIVE,77
10-07-2021 16:58:05,8.7,4.07,ACTIVE,78
10-07-2021 17:07:29,8.8,4.2,ACTIVE,77
10-07-2021 17:18:05,8.8,4.21,ACTIVE,77
10-07-2021 17:27:41,8.9,4.24,ACTIVE,77
10-07-2021 17:37:41,8.8,4.16,ACTIVE,77
10-07-2021 17:47:41,8.7,4.12,ACTIVE,77
10-07-2021 17:57:05,8.7,4.07,ACTIVE,78
10-07-2021 18:07:53,8.6,4.08,ACTIVE,78
10-07-2021 18:18:17,8.8,4.23,ACTIVE,77
10-07-2021 18:27:53,8.7,4.07,ACTIVE,78
10-07-2021 18:37:05,8.7,4.06,ACTIVE,78
10-07-2021 18:48:05,8.8,4.11,ACTIVE,77
10-07-2021 18:58:17,8.9,4.29,ACTIVE,77
10-07-2021 19:07:29,8.9,4.28,ACTIVE,77
10-07-2021 19:17:53,9,4.33,ACTIVE,77
10-07-2021 19:27:53,9,4.37,ACTIVE,77
10-07-2021 19:37:53,9.1,4.48,ACTIVE,76
10-07-2021 19:47:17,9,4.31,ACTIVE,77
10-07-2021 19:57:05,9.1,4.45,ACTIVE,76
10-07-2021 20:08:29,9,4.31,ACTIVE,77
10-07-2021 20:17:17,9,4.32,ACTIVE,77
10-07-2021 20:27:41,9.1,4.37,ACTIVE,77
10-07-2021 20:37:41,9.2,4.49,ACTIVE,76
10-07-2021 20:47:53,9.3,4.52,ACTIVE,76
10-07-2021 20:57:17,9.3,4.51,ACTIVE,76
10-07-2021 21:08:05,9.2,4.3,ACTIVE,77
10-07-2021 21:17:53,9.3,4.38,ACTIVE,77
10-07-2021 21:27:53,9.3,4.43,ACTIVE,77
10-07-2021 21:37:53,9.3,4.43,ACTIVE,77
10-07-2021 21:47:17,9.4,4.46,ACTIVE,76
10-07-2021 21:57:53,9.4,4.45,ACTIVE,76
10-07-2021 22:07:17,9.4,4.52,ACTIVE,76
10-07-2021 22:18:29,9.5,4.53,ACTIVE,76
10-07-2021 22:27:53,9.4,4.49,ACTIVE,76
10-07-2021 22:37:53,9.4,4.49,ACTIVE,76
10-07-2021 22:48:05,9.3,4.52,ACTIVE,76
10-07-2021 22:57:41,9.5,4.57,ACTIVE,76
10-07-2021 23:08:05,9.3,4.51,ACTIVE,76
10-07-2021 23:16:41,9.2,4.48,ACTIVE,76
10-07-2021 23:27:41,9.3,4.46,ACTIVE,76
10-07-2021 23:37:17,9.3,4.52,ACTIVE,76
10-07-2021 23:47:29,9.4,4.51,ACTIVE,76
10-07-2021 23:57:17,9.3,4.5,ACTIVE,76
11-07-2021 00:08:05,9.3,4.46,ACTIVE,76
11-07-2021 00:17:41,9.3,4.49,ACTIVE,76
11-07-2021 00:27:41,9.3,4.51,ACTIVE,76
11-07-2021 00:37:53,9.2,4.35,ACTIVE,77
11-07-2021 00:47:05,9.1,4.15,ACTIVE,77
11-07-2021 00:57:41,8.9,4.18,ACTIVE,77
11-07-2021 01:08:05,9.1,4.22,ACTIVE,77
11-07-2021 01:18:29,8.9,4.2,ACTIVE,77
11-07-2021 01:27:53,9.1,4.24,ACTIVE,77
11-07-2021 01:38:05,9.1,4.31,ACTIVE,77
11-07-2021 01:47:29,9.1,4.35,ACTIVE,77
11-07-2021 01:57:53,9,4.33,ACTIVE,77
11-07-2021 02:07:17,9.1,4.45,ACTIVE,77
11-07-2021 02:18:17,9.1,4.46,ACTIVE,76
11-07-2021 02:27:41,9.1,4.41,ACTIVE,77
11-07-2021 02:37:17,9.2,4.56,ACTIVE,76
11-07-2021 02:47:53,9.1,4.38,ACTIVE,77
11-07-2021 02:57:53,9.1,4.43,ACTIVE,77
11-07-2021 03:07:29,9.1,4.37,ACTIVE,77
11-07-2021 03:17:53,9.1,4.36,ACTIVE,77
11-07-2021 03:28:05,9,4.34,ACTIVE,77
11-07-2021 03:37:17,9.2,4.4,ACTIVE,77
11-07-2021 03:47:41,9.1,4.32,ACTIVE,77
11-07-2021 03:58:05,9,4.34,ACTIVE,77
11-07-2021 04:07:53,8.9,4.25,ACTIVE,77
11-07-2021 04:17:41,8.8,4.17,ACTIVE,77
11-07-2021 04:28:17,9,4.3,ACTIVE,77
11-07-2021 04:37:29,9,4.29,ACTIVE,77
11-07-2021 04:47:53,9,4.3,ACTIVE,77
11-07-2021 04:56:41,8.9,4.22,ACTIVE,77
11-07-2021 05:07:29,8.9,4.18,ACTIVE,77
11-07-2021 05:17:53,8.6,3.95,QUIET,89
11-07-2021 05:27:17,8.8,4.08,ACTIVE,78
11-07-2021 05:37:17,8.8,4.06,ACTIVE,78
11-07-2021 05:47:05,8.6,3.9,QUIET,89
11-07-2021 05:58:53,8.6,3.9,QUIET,89
11-07-2021 06:07:41,8.8,4.09,ACTIVE,78
11-07-2021 06:17:41,8.8,4.04,ACTIVE,78
11-07-2021 06:27:53,8.7,3.96,QUIET,89
11-07-2021 06:38:05,8.7,3.99,QUIET,89
11-07-2021 06:48:05,8.6,3.84,QUIET,89
11-07-2021 06:56:53,8.6,3.86,QUIET,89
11-07-2021 07:07:41,8.8,4.02,ACTIVE,78
11-07-2021 07:17:29,8.9,4.09,ACTIVE,78
11-07-2021 07:27:53,8.9,4.12,ACTIVE,77
11-07-2021 07:37:17,9,4.22,ACTIVE,77
11-07-2021 07:47:05,9,4.19,ACTIVE,77
11-07-2021 07:57:53,9.1,4.33,ACTIVE,77
11-07-2021 08:07:29,9.2,4.35,ACTIVE,77
11-07-2021 08:17:41,9.2,4.32,ACTIVE,77
11-07-2021 08:27:17,9.2,4.37,ACTIVE,77
11-07-2021 08:37:29,9.2,4.36,ACTIVE,77
11-07-2021 08:48:17,9.2,4.37,ACTIVE,77
11-07-2021 08:58:05,9.1,4.19,ACTIVE,77
11-07-2021 09:07:41,9,4.09,ACTIVE,78
11-07-2021 09:17:41,9.1,4.18,ACTIVE,77
11-07-2021 09:27:29,9.1,4.24,ACTIVE,77
11-07-2021 09:37:29,9,4.18,ACTIVE,77
11-07-2021 09:46:41,9,4.19,ACTIVE,77
11-07-2021 09:58:05,9.1,4.3,ACTIVE,77
11-07-2021 10:07:41,9.1,4.22,ACTIVE,77
11-07-2021 10:17:41,9.1,4.21,ACTIVE,77
11-07-2021 10:27:29,9.1,4.18,ACTIVE,77
11-07-2021 10:36:53,9,4.01,ACTIVE,78
11-07-2021 10:47:41,9,4.09,ACTIVE,78
11-07-2021 10:58:05,9,4.12,ACTIVE,77
11-07-2021 11:07:29,8.9,4.04,ACTIVE,78
11-07-2021 11:16:53,9,4.08,ACTIVE,78
11-07-2021 11:28:41,9,4.12,ACTIVE,77
11-07-2021 11:38:05,9,4.12,ACTIVE,77
11-07-2021 11:48:05,9,4.13,ACTIVE,77
11-07-2021 11:57:29,9,4.11,ACTIVE,77
11-07-2021 12:07:29,8.9,4.1,ACTIVE,78
11-07-2021 12:17:41,8.9,4.14,ACTIVE,77
11-07-2021 12:27:53,9,4.18,ACTIVE,77
11-07-2021 12:37:29,9,4.14,ACTIVE,77
11-07-2021 12:48:05,8.9,4.08,ACTIVE,78
11-07-2021 12:57:53,8.7,3.93,QUIET,89
11-07-2021 13:07:41,8.7,3.92,QUIET,89
11-07-2021 13:17:05,8.7,3.86,QUIET,89
11-07-2021 13:27:29,8.7,3.9,QUIET,89
11-07-2021 13:37:53,8.7,3.81,QUIET,89
11-07-2021 13:47:17,8.7,3.79,QUIET,89
11-07-2021 13:57:41,8.6,3.72,QUIET,89
11-07-2021 14:07:41,8.5,3.6,QUIET,89
11-07-2021 14:17:53,8.4,3.54,QUIET,89
11-07-2021 14:27:41,8.3,3.36,QUIET,89
11-07-2021 14:36:41,8.3,3.37,QUIET,89
11-07-2021 14:47:53,8.5,3.51,QUIET,89
11-07-2021 14:57:53,8.5,3.56,QUIET,89
11-07-2021 15:07:17,8.5,3.54,QUIET,89
11-07-2021 15:17:17,8.5,3.52,QUIET,89
11-07-2021 15:27:41,8.5,3.47,QUIET,89
11-07-2021 15:37:29,8.5,3.52,QUIET,89
11-07-2021 15:47:41,8.5,3.5,QUIET,89
11-07-2021 15:57:41,8.5,3.5,QUIET,89
11-07-2021 16:07:53,8.5,3.56,QUIET,89
11-07-2021 16:18:05,8.5,3.51,QUIET,89
11-07-2021 16:27:29,8.5,3.52,QUIET,89
11-07-2021 16:38:17,8.4,3.43,QUIET,89
11-07-2021 16:47:41,8.5,3.45,QUIET,89
11-07-2021 16:58:17,8.4,3.41,QUIET,89
11-07-2021 17:07:41,8.4,3.38,QUIET,89
11-07-2021 17:17:29,8.3,3.37,QUIET,89
11-07-2021 17:28:05,8.3,3.39,QUIET,89
11-07-2021 17:37:41,8.3,3.35,QUIET,89
11-07-2021 17:47:41,8.3,3.34,QUIET,89
11-07-2021 17:58:05,8.4,3.36,QUIET,89
11-07-2021 18:07:17,8.4,3.38,QUIET,89
11-07-2021 18:17:17,8.4,3.39,QUIET,89
11-07-2021 18:28:41,8.3,3.36,QUIET,89
11-07-2021 18:36:53,8.2,3.28,QUIET,89
11-07-2021 18:47:41,8.2,3.22,QUIET,89
11-07-2021 18:58:17,8.2,3.22,QUIET,89
11-07-2021 19:07:05,8.2,3.23,QUIET,89
11-07-2021 19:18:05,8.2,3.24,QUIET,89
11-07-2021 19:28:05,8.3,3.28,QUIET,89
11-07-2021 19:38:05,8.3,3.29,QUIET,89
11-07-2021 19:48:05,8.2,3.33,QUIET,89
11-07-2021 19:57:41,8.2,3.31,QUIET,89
11-07-2021 20:07:17,8.2,3.29,QUIET,89
11-07-2021 20:17:29,8,3.19,QUIET,89
11-07-2021 20:27:05,8.1,3.28,QUIET,89
11-07-2021 20:38:05,8.2,3.32,QUIET,89
11-07-2021 20:47:41,8,3.21,QUIET,89
11-07-2021 20:57:53,8,3.21,QUIET,89
11-07-2021 21:07:41,8.2,3.34,QUIET,89
11-07-2021 21:17:29,8.1,3.31,QUIET,89
11-07-2021 21:27:53,8,3.18,QUIET,89
11-07-2021 21:38:17,7.9,3.12,QUIET,89
11-07-2021 21:48:29,8,3.19,QUIET,89
11-07-2021 21:58:17,8,3.23,QUIET,89
11-07-2021 22:08:05,8.1,3.25,QUIET,89
11-07-2021 22:17:05,8.1,3.25,QUIET,89
11-07-2021 22:27:41,8.1,3.25,QUIET,89
11-07-2021 22:37:29,8,3.17,QUIET,89
11-07-2021 22:48:17,8.1,3.25,QUIET,89
11-07-2021 22:57:53,8.1,3.28,QUIET,89
11-07-2021 23:08:05,8.1,3.3,QUIET,89
11-07-2021 23:17:53,8.1,3.27,QUIET,89
11-07-2021 23:27:41,8.1,3.32,QUIET,89
11-07-2021 23:38:29,8.1,3.27,QUIET,89
11-07-2021 23:47:53,8,3.26,QUIET,89
11-07-2021 23:58:29,8,3.24,QUIET,89
12-07-2021 00:07:41,8,3.21,QUIET,89
12-07-2021 00:17:53,7.9,3.18,QUIET,89
12-07-2021 00:27:41,8,3.17,QUIET,89
12-07-2021 00:37:29,8,3.19,QUIET,89
12-07-2021 00:41:53,8,3.18,QUIET,89
12-07-2021 00:42:29,8,3.18,QUIET,89
12-07-2021 02:57:53,7.8,2.85,QUIET,89
12-07-2021 03:07:17,7.7,2.74,QUIET,89
12-07-2021 03:17:29,7.6,2.6,QUIET,89
12-07-2021 03:28:29,7.6,2.61,QUIET,89
12-07-2021 03:38:17,7.5,2.61,QUIET,89
12-07-2021 03:48:05,7.6,2.74,QUIET,89
12-07-2021 03:58:05,7.6,2.65,QUIET,89
12-07-2021 04:07:17,7.5,2.62,QUIET,89
12-07-2021 04:17:53,7.5,2.57,QUIET,89
12-07-2021 04:27:17,7.6,2.59,QUIET,89
12-07-2021 04:36:53,7.5,2.58,QUIET,89
12-07-2021 04:48:05,7.5,2.58,QUIET,89
12-07-2021 04:58:05,7.5,2.53,QUIET,89
12-07-2021 05:08:05,7.6,2.58,QUIET,89
12-07-2021 05:17:53,7.6,2.56,QUIET,89
12-07-2021 05:27:17,7.5,2.5,QUIET,89
12-07-2021 05:37:53,7.6,2.57,QUIET,89
12-07-2021 05:58:05,7.5,2.55,QUIET,89
12-07-2021 06:07:41,7.6,2.58,QUIET,89
12-07-2021 06:28:41,7.6,2.57,QUIET,89
12-07-2021 06:37:17,7.6,2.65,QUIET,89
12-07-2021 06:58:05,7.5,2.58,QUIET,89
12-07-2021 07:07:41,7.5,2.54,QUIET,89
12-07-2021 07:17:53,7.6,2.54,QUIET,89
12-07-2021 07:27:53,7.5,2.54,QUIET,89
12-07-2021 07:37:29,7.5,2.54,QUIET,89
12-07-2021 07:47:41,7.4,2.4,QUIET,89
12-07-2021 07:57:17,7.4,2.38,QUIET,89
12-07-2021 08:06:41,7.5,2.53,QUIET,89
12-07-2021 08:18:29,7.5,2.52,QUIET,89
12-07-2021 08:28:05,7.3,2.39,QUIET,89
12-07-2021 08:37:41,7.3,2.37,QUIET,89
12-07-2021 08:48:05,7.3,2.41,QUIET,89
12-07-2021 08:57:41,7.3,2.39,QUIET,89
12-07-2021 09:08:29,7.2,2.37,QUIET,89
12-07-2021 09:18:05,7.2,2.41,QUIET,89
12-07-2021 09:28:05,7.1,2.39,QUIET,89
12-07-2021 09:38:17,7.2,2.43,QUIET,89
12-07-2021 09:47:41,7.2,2.45,QUIET,89
12-07-2021 09:57:17,7.1,2.44,QUIET,89
12-07-2021 10:07:53,7.1,2.44,QUIET,89
12-07-2021 10:17:17,7.1,2.4,QUIET,89
12-07-2021 10:28:17,7.1,2.4,QUIET,89
12-07-2021 10:37:53,7.1,2.38,QUIET,89
12-07-2021 10:47:17,7.1,2.37,QUIET,89
12-07-2021 10:57:17,7.1,2.36,QUIET,89
12-07-2021 11:08:05,7.1,2.39,QUIET,89
12-07-2021 11:17:53,7.1,2.37,QUIET,89
12-07-2021 11:27:17,7.1,2.36,QUIET,89
12-07-2021 11:37:41,7.1,2.37,QUIET,89
12-07-2021 11:47:53,7.1,2.35,QUIET,89
12-07-2021 11:57:53,7,2.35,QUIET,89
12-07-2021 12:08:29,7,2.34,QUIET,89
12-07-2021 12:17:53,6.9,2.34,QUIET,89
12-07-2021 12:28:17,6.9,2.3,QUIET,89
12-07-2021 12:38:17,6.9,2.32,QUIET,89
12-07-2021 12:47:41,6.9,2.28,QUIET,89
12-07-2021 12:57:17,6.9,2.27,QUIET,89
12-07-2021 13:07:17,6.8,2.22,QUIET,89
12-07-2021 13:18:41,6.6,2.1,QUIET,89
12-07-2021 13:28:05,6.7,2.1,QUIET,89
12-07-2021 13:37:53,6.6,2.07,QUIET,89
12-07-2021 13:47:53,6.6,2.01,QUIET,89
12-07-2021 13:57:05,6.6,2.09,QUIET,89
12-07-2021 14:07:29,6.6,2.06,QUIET,89
12-07-2021 14:17:05,6.7,2.11,QUIET,89
12-07-2021 14:26:29,6.6,2.06,QUIET,89
12-07-2021 14:38:29,6.7,2.03,QUIET,89
12-07-2021 14:46:53,6.6,2.05,QUIET,89
12-07-2021 14:58:05,6.7,2.1,QUIET,89
12-07-2021 15:07:53,6.7,2.09,QUIET,89
12-07-2021 15:18:17,6.7,2.06,QUIET,89
12-07-2021 15:28:17,6.7,2.05,QUIET,89
12-07-2021 15:36:53,6.7,2.02,QUIET,89
12-07-2021 15:47:41,6.7,2,QUIET,89
12-07-2021 15:58:17,6.7,2.02,QUIET,89
12-07-2021 16:07:53,6.7,2,QUIET,89
12-07-2021 16:17:17,6.6,1.97,QUIET,89
12-07-2021 16:26:53,6.5,2,QUIET,89
12-07-2021 16:38:05,6.5,1.99,QUIET,89
12-07-2021 16:48:05,6.6,2.04,QUIET,89
12-07-2021 16:56:53,6.6,2.04,QUIET,89
12-07-2021 17:07:29,6.6,2.01,QUIET,89
12-07-2021 17:17:17,6.6,2.01,QUIET,89
12-07-2021 17:27:17,6.8,2.1,QUIET,89
12-07-2021 17:38:05,6.7,2.02,QUIET,89
12-07-2021 17:48:29,6.7,2.01,QUIET,89
12-07-2021 17:57:41,6.8,2.09,QUIET,89
12-07-2021 18:08:05,6.7,2.04,QUIET,89
12-07-2021 18:17:17,6.8,2.02,QUIET,89
12-07-2021 18:28:17,6.6,2,QUIET,89
12-07-2021 18:38:29,6.7,2.03,QUIET,89
12-07-2021 18:47:41,6.7,2.01,QUIET,89
12-07-2021 18:57:17,6.6,2.05,QUIET,89
12-07-2021 19:07:29,6.7,2.07,QUIET,89
12-07-2021 19:17:53,6.6,1.97,QUIET,89
12-07-2021 19:28:17,6.7,1.99,QUIET,89
12-07-2021 19:37:05,6.7,1.98,QUIET,89
12-07-2021 19:47:41,6.6,1.99,QUIET,89
12-07-2021 19:58:05,6.7,1.97,QUIET,89
12-07-2021 20:07:41,6.6,1.91,QUIET,89
12-07-2021 20:17:17,6.6,1.86,QUIET,89
12-07-2021 20:27:05,6.5,1.83,QUIET,89
12-07-2021 20:37:29,6.6,1.83,QUIET,89
12-07-2021 20:47:29,6.5,1.79,QUIET,89
12-07-2021 20:57:41,6.6,1.81,QUIET,89
12-07-2021 21:07:41,6.5,1.81,QUIET,89
12-07-2021 21:17:53,6.5,1.82,QUIET,89
12-07-2021 21:27:41,6.5,1.78,QUIET,89
12-07-2021 21:36:41,6.4,1.8,QUIET,89
12-07-2021 21:48:05,6.4,1.81,QUIET,89
12-07-2021 21:57:29,6.4,1.81,QUIET,89
12-07-2021 22:07:53,6.4,1.87,QUIET,89
12-07-2021 22:17:17,6.4,1.87,QUIET,89
12-07-2021 22:27:05,6.6,1.87,QUIET,89
12-07-2021 22:37:41,6.6,1.83,QUIET,89
12-07-2021 22:47:05,6.6,1.85,QUIET,89
12-07-2021 22:57:05,6.6,1.82,QUIET,89
12-07-2021 23:08:53,6.6,1.82,QUIET,89
12-07-2021 23:17:41,6.8,2.01,QUIET,89
12-07-2021 23:27:41,6.6,1.82,QUIET,89
12-07-2021 23:37:17,6.8,1.95,QUIET,89
12-07-2021 23:47:17,6.8,1.94,QUIET,89
12-07-2021 23:57:53,6.8,1.96,QUIET,89
13-07-2021 00:08:29,6.7,1.91,QUIET,89
13-07-2021 00:18:05,6.8,1.92,QUIET,89
13-07-2021 00:28:29,6.7,1.9,QUIET,89
13-07-2021 00:37:53,6.5,1.7,QUIET,89
13-07-2021 00:47:53,6.5,1.73,QUIET,89
13-07-2021 00:58:17,6.5,1.68,QUIET,89
13-07-2021 01:07:17,6.6,1.69,QUIET,89
13-07-2021 01:17:41,6.5,1.67,QUIET,89
13-07-2021 01:27:17,6.5,1.67,QUIET,89
13-07-2021 01:37:29,6.5,1.69,QUIET,89
13-07-2021 01:46:17,6.6,1.71,QUIET,89
13-07-2021 01:58:05,6.5,1.7,QUIET,89
13-07-2021 02:08:05,6.5,1.68,QUIET,89
13-07-2021 02:17:29,6.5,1.7,QUIET,89
13-07-2021 02:27:05,6.5,1.68,QUIET,89
13-07-2021 02:38:05,6.5,1.69,QUIET,89
13-07-2021 02:47:41,6.6,1.73,QUIET,89
13-07-2021 02:57:41,6.5,1.64,QUIET,89
13-07-2021 03:07:41,6.5,1.67,QUIET,89
13-07-2021 03:17:17,6.5,1.65,QUIET,89
13-07-2021 03:27:05,6.5,1.65,QUIET,89
13-07-2021 03:37:53,6.5,1.65,QUIET,89
13-07-2021 03:47:05,6.5,1.65,QUIET,89
13-07-2021 03:57:53,6.5,1.66,QUIET,89
13-07-2021 04:07:53,6.5,1.58,QUIET,89
13-07-2021 04:17:53,6.6,1.67,QUIET,89
13-07-2021 04:27:53,6.7,1.76,QUIET,89
13-07-2021 04:37:17,6.7,1.8,QUIET,89
13-07-2021 04:47:17,6.6,1.65,QUIET,89
13-07-2021 04:58:05,6.6,1.72,QUIET,89
13-07-2021 05:08:05,6.6,1.73,QUIET,89
13-07-2021 05:18:41,6.6,1.71,QUIET,89
13-07-2021 05:28:17,6.6,1.73,QUIET,89
13-07-2021 05:37:29,6.7,1.79,QUIET,89
13-07-2021 05:47:53,6.5,1.65,QUIET,89
13-07-2021 05:58:29,6.5,1.78,QUIET,89
13-07-2021 06:06:41,6.5,1.78,QUIET,89
13-07-2021 06:16:53,3.1,1.78,QUIET,89
13-07-2021 06:28:17,6.5,1.75,QUIET,89
13-07-2021 06:37:41,6.5,1.77,QUIET,89
13-07-2021 06:47:17,6.5,1.81,QUIET,89
13-07-2021 06:58:17,3.1,1.88,QUIET,89
13-07-2021 07:08:17,6.5,1.86,QUIET,89
13-07-2021 07:17:53,6.4,1.71,QUIET,89
13-07-2021 07:27:41,6.5,1.89,QUIET,89
13-07-2021 07:37:41,6.5,1.84,QUIET,89
13-07-2021 07:48:53,6.5,1.85,QUIET,89
13-07-2021 07:57:17,6.5,1.85,QUIET,89
13-07-2021 08:08:17,6.4,1.77,QUIET,89
13-07-2021 08:18:05,6.5,1.88,QUIET,89
13-07-2021 08:27:05,6.5,1.89,QUIET,89
13-07-2021 08:37:41,6.5,1.9,QUIET,89
13-07-2021 08:47:29,6.5,1.91,QUIET,89
13-07-2021 08:57:41,6.3,1.85,QUIET,89
13-07-2021 09:08:29,6.3,1.84,QUIET,89
13-07-2021 09:17:53,6.3,1.79,QUIET,89
13-07-2021 09:27:29,6.2,1.75,QUIET,89
13-07-2021 09:38:05,6.2,1.74,QUIET,89
13-07-2021 09:47:29,6.3,1.75,QUIET,89
13-07-2021 09:58:29,6.2,1.67,QUIET,89
13-07-2021 10:07:41,6.1,1.65,QUIET,89
13-07-2021 10:17:53,6.2,1.8,QUIET,89
13-07-2021 10:27:53,6.1,1.6,QUIET,89
13-07-2021 10:37:29,6.1,1.64,QUIET,89
13-07-2021 10:47:53,6.2,1.72,QUIET,89
13-07-2021 10:58:29,6.1,1.67,QUIET,89
13-07-2021 11:08:17,6.2,1.75,QUIET,89
13-07-2021 11:17:53,6.1,1.74,QUIET,89
13-07-2021 11:27:41,6.4,1.96,QUIET,89
13-07-2021 11:38:05,6.3,1.87,QUIET,89
13-07-2021 11:47:41,6.2,1.81,QUIET,89
13-07-2021 11:57:05,6.3,1.96,QUIET,89
13-07-2021 12:07:41,6.4,2.09,QUIET,89
13-07-2021 12:17:53,6.5,2.13,QUIET,89
13-07-2021 12:26:41,6.4,2.14,QUIET,89
13-07-2021 12:37:29,6.4,2.03,QUIET,89
13-07-2021 12:48:29,6.4,2.07,QUIET,89
13-07-2021 12:57:29,6.2,2.02,QUIET,89
13-07-2021 13:07:41,6.2,1.99,QUIET,89
13-07-2021 13:17:53,6.3,2.01,QUIET,89
13-07-2021 13:28:05,6.3,2.03,QUIET,89
13-07-2021 13:37:41,6.1,2,QUIET,89
13-07-2021 13:48:05,6.1,2,QUIET,89
13-07-2021 13:57:29,6,1.9,QUIET,89
13-07-2021 14:08:05,6,1.87,QUIET,89
13-07-2021 14:17:17,5.8,1.71,QUIET,89
13-07-2021 14:27:29,5.8,1.69,QUIET,89
13-07-2021 14:37:41,5.8,1.66,QUIET,89
13-07-2021 14:47:05,5.7,1.48,QUIET,89
13-07-2021 14:57:05,5.6,1.45,QUIET,89
13-07-2021 15:08:05,5.4,1.19,QUIET,89
13-07-2021 15:18:05,5.3,1.17,QUIET,89
13-07-2021 15:27:41,5.4,1.17,QUIET,89
13-07-2021 15:37:41,5.4,1.17,QUIET,89
13-07-2021 15:47:41,5.2,1.01,QUIET,89
13-07-2021 15:57:53,5.2,1.14,QUIET,89
13-07-2021 16:07:17,5.1,0.985,QUIET,89
13-07-2021 16:18:05,5.1,0.98,QUIET,89
13-07-2021 16:27:29,5,0.96,QUIET,89
13-07-2021 16:38:53,5,0.954,QUIET,89
13-07-2021 16:47:17,4.8,0.8,QUIET,89
13-07-2021 16:58:05,4.7,0.636,QUIET,89
13-07-2021 17:08:05,4.7,0.647,QUIET,89
13-07-2021 17:17:29,4.8,0.776,QUIET,89
13-07-2021 17:27:41,4.7,0.755,QUIET,89
13-07-2021 17:37:17,4.7,0.765,QUIET,89
13-07-2021 17:48:17,4.7,0.753,QUIET,89
13-07-2021 17:57:53,4.7,0.744,QUIET,89
13-07-2021 18:08:05,4.7,0.701,QUIET,89
13-07-2021 18:17:29,4.5,0.562,QUIET,89
13-07-2021 18:27:41,4.6,0.609,QUIET,89
13-07-2021 18:36:53,4.6,0.65,QUIET,89
13-07-2021 18:48:17,4.5,0.556,QUIET,89
13-07-2021 18:57:41,4.6,0.592,QUIET,89
13-07-2021 19:07:29,4.4,0.499,QUIET,89
13-07-2021 19:17:53,4.4,0.479,QUIET,89
13-07-2021 19:27:41,4.3,0.409,QUIET,89
13-07-2021 19:37:05,4.2,0.386,QUIET,89
13-07-2021 19:48:17,4.2,0.416,QUIET,89
13-07-2021 19:58:17,4.2,0.38,QUIET,89
13-07-2021 20:07:41,4.2,0.378,QUIET,89
13-07-2021 20:17:29,4.2,0.376,QUIET,89
13-07-2021 20:28:17,4.1,0.378,QUIET,89
13-07-2021 20:37:41,4.1,0.371,QUIET,89
13-07-2021 20:47:29,4,0.241,QUIET,89
13-07-2021 20:57:29,4,0.239,QUIET,89
13-07-2021 21:06:17,4,0.232,QUIET,89
13-07-2021 21:18:05,2.8,0.241,QUIET,89
13-07-2021 21:27:53,3.9,0.244,QUIET,89
13-07-2021 21:37:41,3.9,0.234,QUIET,89
13-07-2021 21:48:17,3.9,0.222,QUIET,89
13-07-2021 21:58:29,3.8,0.216,QUIET,89
13-07-2021 22:08:29,3.8,0.208,QUIET,89
13-07-2021 22:17:53,3.8,0.216,QUIET,89
13-07-2021 22:27:41,3.9,0.216,QUIET,89
13-07-2021 22:37:41,3.7,0.227,QUIET,89
13-07-2021 22:48:05,3.8,0.216,QUIET,89
13-07-2021 22:58:05,3.8,0.213,QUIET,89
13-07-2021 23:08:05,3.8,0.216,QUIET,89
13-07-2021 23:18:05,3.8,0.219,QUIET,89
13-07-2021 23:27:29,3.7,0.224,QUIET,89
13-07-2021 23:37:53,3.7,0.21,QUIET,89
13-07-2021 23:48:29,3.7,0.207,QUIET,89
13-07-2021 23:56:53,3.7,0.199,QUIET,89
14-07-2021 00:06:53,3.7,0.197,QUIET,89
14-07-2021 00:17:17,3.7,0.199,QUIET,89
14-07-2021 00:27:17,3.6,0.199,QUIET,89
14-07-2021 00:37:29,3.7,0.196,QUIET,89
14-07-2021 00:48:17,3.7,0.18,QUIET,89
14-07-2021 00:57:53,3.7,0.188,QUIET,89
14-07-2021 01:08:05,3.6,0.17,QUIET,89
14-07-2021 01:17:17,3.6,0.156,QUIET,89
14-07-2021 01:28:05,3.6,0.175,QUIET,89
14-07-2021 01:37:29,3.6,0.181,QUIET,89
14-07-2021 01:47:53,3.5,0.184,QUIET,89
14-07-2021 01:57:29,3.5,0.156,QUIET,89
14-07-2021 02:08:05,3.5,0.155,QUIET,89
14-07-2021 02:17:53,3.5,0.157,QUIET,89
14-07-2021 02:27:17,3.5,0.173,QUIET,89
14-07-2021 02:37:05,3.4,0.155,QUIET,89
14-07-2021 02:47:29,3.6,0.158,QUIET,89
14-07-2021 02:57:41,3.6,0.161,QUIET,89
14-07-2021 03:08:05,3.6,0.154,QUIET,89
14-07-2021 03:18:17,3.5,0.169,QUIET,89
14-07-2021 03:26:53,3.6,0.171,QUIET,89
14-07-2021 03:38:05,3.6,0.156,QUIET,89
14-07-2021 03:47:05,3.6,0.142,QUIET,89
14-07-2021 03:57:53,3.7,0.167,QUIET,89
14-07-2021 04:07:29,3.6,0.164,QUIET,89
14-07-2021 04:18:05,3.6,0.143,QUIET,89
14-07-2021 04:28:29,3.6,0.157,QUIET,89
14-07-2021 04:37:17,3.6,0.168,QUIET,89
14-07-2021 04:47:29,3.6,0.145,QUIET,89
14-07-2021 04:57:41,3.5,0,QUIET,89
14-07-2021 05:07:17,3.5,0,QUIET,89
14-07-2021 05:17:53,3.4,0,QUIET,89
14-07-2021 05:27:29,3.6,0.123,QUIET,89
14-07-2021 05:38:05,3.5,0,QUIET,89
14-07-2021 05:47:53,3.6,0.131,QUIET,89
14-07-2021 05:58:17,3.6,0.135,QUIET,89
14-07-2021 06:07:05,3.6,0.13,QUIET,89
14-07-2021 06:17:17,3.6,0.144,QUIET,89
14-07-2021 06:28:05,3.5,0.138,QUIET,89
14-07-2021 06:37:29,3.5,0.146,QUIET,89
14-07-2021 06:47:05,3.5,0.135,QUIET,89
14-07-2021 06:57:05,3.7,0.143,QUIET,89
14-07-2021 07:08:05,3.5,0.139,QUIET,89
14-07-2021 07:18:05,3.6,0.139,QUIET,89
14-07-2021 07:27:41,3.6,0.134,QUIET,89
14-07-2021 07:37:05,2.7,0.126,QUIET,89
14-07-2021 07:47:53,3.4,0.000802,QUIET,89
14-07-2021 07:58:05,3.5,0.0016,QUIET,89
14-07-2021 08:07:41,3.5,0.0016,QUIET,89
14-07-2021 08:18:53,3.5,0.0016,QUIET,89
14-07-2021 08:28:29,3.5,0.0016,QUIET,89
14-07-2021 08:37:53,3.4,0.0016,QUIET,89
14-07-2021 08:48:05,3.5,0,QUIET,89
14-07-2021 08:57:41,3.5,0,QUIET,89
14-07-2021 09:07:53,2.5,0,QUIET,89
14-07-2021 09:17:53,3.5,0,QUIET,89
14-07-2021 09:27:29,3.6,0.142,QUIET,89
14-07-2021 09:36:53,3.6,0.148,QUIET,89
14-07-2021 09:48:17,3.6,0.144,QUIET,89
14-07-2021 09:57:17,3.6,0.143,QUIET,89
14-07-2021 10:07:17,3.6,0.136,QUIET,89
14-07-2021 10:17:41,3.6,0.147,QUIET,89
14-07-2021 10:27:17,3.6,0.152,QUIET,89
14-07-2021 10:37:53,3.6,0.13,QUIET,89
14-07-2021 10:47:29,3.6,0.137,QUIET,89
14-07-2021 10:56:53,3.6,0.137,QUIET,89
14-07-2021 11:08:17,3.4,0.137,QUIET,89
14-07-2021 11:18:17,3.5,0,QUIET,89
14-07-2021 11:27:41,3.5,0,QUIET,89
14-07-2021 11:37:41,3.5,0,QUIET,89
14-07-2021 11:47:53,3.6,0.126,QUIET,89
14-07-2021 11:57:17,3.6,0.141,QUIET,89
14-07-2021 12:06:54,1.3,0.147,QUIET,89
14-07-2021 12:15:34,1.1,0,QUIET,89
14-07-2021 12:25:54,0,0,QUIET,89
14-07-2021 12:36:14,0,0,QUIET,89
14-07-2021 12:45:34,0,0,QUIET,89
14-07-2021 12:54:54,0,0,QUIET,89
14-07-2021 13:06:14,0,0,QUIET,89
14-07-2021 13:15:34,1.4,0.328,QUIET,89
14-07-2021 13:24:54,2.3,0.127,QUIET,89
14-07-2021 13:35:54,0,0,QUIET,89
14-07-2021 13:45:14,0,0,QUIET,89
14-07-2021 13:55:34,0,0,QUIET,89
14-07-2021 14:06:14,0,0,QUIET,89
14-07-2021 14:15:34,0,0,QUIET,89
14-07-2021 14:25:14,3.6,0.165,QUIET,89
14-07-2021 14:36:14,2.6,0,QUIET,89
14-07-2021 14:45:34,0,0,QUIET,89
14-07-2021 14:54:54,0,0,QUIET,89
14-07-2021 15:06:34,0,0,QUIET,89
14-07-2021 15:15:54,0,0,QUIET,89
14-07-2021 15:25:34,0,0,QUIET,89
14-07-2021 15:36:14,3.4,0,QUIET,89
14-07-2021 15:45:34,3.4,0,QUIET,89
14-07-2021 15:55:54,0.24,0,QUIET,89
14-07-2021 16:04:54,0,0,QUIET,89
14-07-2021 16:16:14,0,0,QUIET,89
14-07-2021 16:25:54,0,0,QUIET,89
14-07-2021 16:35:14,0,0,QUIET,89
14-07-2021 16:46:34,0,0,QUIET,89
14-07-2021 16:57:29,3.6,0.211,QUIET,89
14-07-2021 17:08:17,3.5,0.188,QUIET,89
14-07-2021 17:17:29,3.5,0.192,QUIET,89
14-07-2021 17:27:41,3.5,0.246,QUIET,89
14-07-2021 17:37:29,3.6,0.247,QUIET,89
14-07-2021 17:48:05,3.5,0.211,QUIET,89
14-07-2021 17:57:05,3.5,0.192,QUIET,89
14-07-2021 18:07:05,3.6,0.331,QUIET,89
14-07-2021 18:18:29,3.4,0.172,QUIET,89
14-07-2021 18:28:05,3.5,0.375,QUIET,89
14-07-2021 18:37:53,3.5,0.392,QUIET,89
14-07-2021 18:47:29,3.6,0.389,QUIET,89
14-07-2021 18:58:41,3.5,0.404,QUIET,89
14-07-2021 19:07:41,3.5,0.458,QUIET,89
14-07-2021 19:17:41,3.4,0.31,QUIET,89
14-07-2021 19:27:05,3.4,0.297,QUIET,89
14-07-2021 19:37:05,3.5,0.399,QUIET,89
14-07-2021 19:47:53,3.3,0.291,QUIET,89
14-07-2021 19:57:29,3.2,0.193,QUIET,89
14-07-2021 20:07:29,3.2,0.155,QUIET,89
14-07-2021 20:18:05,3,0,QUIET,89
14-07-2021 20:27:29,3,0,QUIET,89
14-07-2021 20:37:29,3,0,QUIET,89
14-07-2021 20:48:05,2.9,0,QUIET,89
14-07-2021 20:57:29,2.9,0,QUIET,89
14-07-2021 21:08:05,3,0.00321,QUIET,89
14-07-2021 21:17:29,3,0.0024,QUIET,89
14-07-2021 21:27:17,3,0.00481,QUIET,89
14-07-2021 21:38:29,3,0.00481,QUIET,89
14-07-2021 21:47:41,3.1,0.141,QUIET,89
14-07-2021 21:57:05,3.1,0.139,QUIET,89
14-07-2021 22:07:41,3.1,0.145,QUIET,89
14-07-2021 22:17:41,3.2,0.148,QUIET,89
14-07-2021 22:27:17,3.2,0.145,QUIET,89
14-07-2021 22:37:29,3.1,0.143,QUIET,89
14-07-2021 22:47:29,3.1,0.136,QUIET,89
14-07-2021 22:57:29,3,0.00561,QUIET,89
14-07-2021 23:08:41,3,0.13,QUIET,89
14-07-2021 23:18:05,3.1,0.149,QUIET,89
14-07-2021 23:27:41,3.1,0.136,QUIET,89
14-07-2021 23:37:17,3.1,0.14,QUIET,89
14-07-2021 23:47:53,3,0.136,QUIET,89
14-07-2021 23:57:29,3.1,0.137,QUIET,89
15-07-2021 00:07:05,2.9,0.00561,QUIET,89
15-07-2021 00:18:05,3,0.131,QUIET,89
15-07-2021 00:27:41,2.9,0.00721,QUIET,89
15-07-2021 00:37:41,2.9,0.00481,QUIET,89
15-07-2021 00:47:41,2.9,0.00401,QUIET,89
15-07-2021 00:57:17,3,0.00401,QUIET,89
15-07-2021 01:06:53,2.9,0.00321,QUIET,89
15-07-2021 01:17:41,2.9,0.0016,QUIET,89
15-07-2021 01:28:29,2.9,0.0016,QUIET,89
15-07-2021 01:37:53,2.9,0.000802,QUIET,89
15-07-2021 01:47:05,2.9,0.0024,QUIET,89
15-07-2021 01:57:17,2.9,0.0016,QUIET,89
15-07-2021 02:07:53,2.8,0.000802,QUIET,89
15-07-2021 02:17:17,2.9,0.0016,QUIET,89
15-07-2021 02:28:05,2.9,0.0024,QUIET,89
15-07-2021 02:37:41,2.9,0.00481,QUIET,89
15-07-2021 02:48:05,2.9,0.00882,QUIET,89
15-07-2021 02:58:05,2.8,0.00882,QUIET,89
15-07-2021 03:07:53,2.8,0.00721,QUIET,89
15-07-2021 03:17:05,2.8,0.00641,QUIET,89
15-07-2021 03:27:53,2.8,0.00401,QUIET,89
15-07-2021 03:37:17,2.8,0.00321,QUIET,89
15-07-2021 03:47:05,2.8,0.0016,QUIET,89
15-07-2021 03:56:41,2.8,0.0024,QUIET,89
15-07-2021 04:07:41,2.8,0.0024,QUIET,89
15-07-2021 04:18:05,2.7,0,QUIET,89
15-07-2021 04:27:29,2.7,0,QUIET,89
15-07-2021 04:37:29,2.8,0.0016,QUIET,89
15-07-2021 04:47:41,2.7,0.000802,QUIET,89
15-07-2021 04:58:05,2.7,0,QUIET,89
15-07-2021 05:08:05,2.7,0.0016,QUIET,89
15-07-2021 05:17:17,2.7,0.0024,QUIET,89
15-07-2021 05:27:53,2.7,0.0016,QUIET,89
15-07-2021 05:38:05,2.6,0.0024,QUIET,89
15-07-2021 05:47:41,2.6,0.000802,QUIET,89
15-07-2021 05:57:29,2.7,0.000802,QUIET,89
15-07-2021 06:08:29,2.6,0,QUIET,89
15-07-2021 06:18:17,2.5,0,QUIET,89
15-07-2021 06:27:17,2.6,0,QUIET,89
15-07-2021 06:37:41,2.4,0,QUIET,89
15-07-2021 06:47:53,2.4,0,QUIET,89
15-07-2021 06:57:17,2.5,0,QUIET,89
15-07-2021 07:06:29,2.5,0,QUIET,89
15-07-2021 07:17:53,2.6,0,QUIET,89
15-07-2021 07:28:29,2.4,0,QUIET,89
15-07-2021 07:38:05,2.4,0,QUIET,89
15-07-2021 07:47:05,2.4,0,QUIET,89
15-07-2021 07:58:05,2.4,0,QUIET,89
15-07-2021 08:08:17,2.4,0,QUIET,89
15-07-2021 08:16:41,2.4,0,QUIET,89
15-07-2021 08:27:41,2.2,0,QUIET,89
15-07-2021 08:37:41,2.4,0,QUIET,89
15-07-2021 08:47:17,2.5,0.0024,QUIET,89
15-07-2021 08:57:17,2.4,0,QUIET,89
15-07-2021 09:08:05,2.4,0,QUIET,89
15-07-2021 09:18:05,2.4,0,QUIET,89
15-07-2021 09:27:05,2.3,0,QUIET,89
15-07-2021 09:37:29,2.3,0.000802,QUIET,89
15-07-2021 09:47:53,2.3,0.0016,QUIET,89
15-07-2021 09:57:29,2.2,0.000802,QUIET,89
15-07-2021 10:07:17,2.3,0.0016,QUIET,89
15-07-2021 10:18:05,2.2,0.0016,QUIET,89
15-07-2021 10:27:17,2.2,0,QUIET,89
15-07-2021 10:38:05,2.4,0,QUIET,89
15-07-2021 10:48:05,2.3,0.000802,QUIET,89
15-07-2021 10:58:17,2.2,0.0024,QUIET,89
15-07-2021 11:06:53,2.3,0.0016,QUIET,89
15-07-2021 11:18:05,2.2,0.00321,QUIET,89
15-07-2021 11:27:29,2.2,0.00321,QUIET,89
15-07-2021 11:37:05,2.3,0.00321,QUIET,89
15-07-2021 11:47:41,2.3,0.00321,QUIET,89
15-07-2021 11:56:53,2.3,0.00401,QUIET,89
15-07-2021 12:08:05,2.3,0.00401,QUIET,89
15-07-2021 12:17:41,2.3,0.00321,QUIET,89
15-07-2021 12:27:41,2.3,0.00401,QUIET,89
15-07-2021 12:37:53,2.3,0.0016,QUIET,89
15-07-2021 12:47:41,2.3,0.0024,QUIET,89
15-07-2021 12:56:41,2.2,0.0016,QUIET,89
15-07-2021 13:07:41,2.2,0.0016,QUIET,89
15-07-2021 13:17:17,2.2,0.0016,QUIET,89
15-07-2021 13:27:53,2.1,0.0024,QUIET,89
15-07-2021 13:37:29,2.2,0.000802,QUIET,89
15-07-2021 13:47:41,2.1,0.0016,QUIET,89
15-07-2021 13:57:53,2.2,0.0016,QUIET,89
15-07-2021 14:08:17,2.2,0.000802,QUIET,89
15-07-2021 14:18:29,2.2,0,QUIET,89
15-07-2021 14:27:41,2.2,0,QUIET,89
15-07-2021 14:37:53,2.2,0,QUIET,89
15-07-2021 14:47:17,2.3,0,QUIET,89
15-07-2021 14:58:41,2.2,0,QUIET,89
15-07-2021 15:07:41,2.2,0,QUIET,89
15-07-2021 15:17:41,2.3,0,QUIET,89
15-07-2021 15:27:53,2.4,0,QUIET,89
15-07-2021 15:37:17,2.2,0,QUIET,89
15-07-2021 15:48:17,2.3,0,QUIET,89
15-07-2021 15:57:41,2.3,0.000802,QUIET,89
15-07-2021 16:08:05,2.2,0,QUIET,89
15-07-2021 16:17:53,2.3,0,QUIET,89
15-07-2021 16:27:41,2.3,0,QUIET,89
15-07-2021 16:38:29,2.1,0,QUIET,89
